{
  "properties": {
    "connectionReferences": {
      "shared_sharepointonline": {
        "runtimeSource": "embedded",
        "connection": {
          "connectionReferenceLogicalName": "cr0d3_sharedsharepointonline_cb419"
        },
        "api": {
          "name": "shared_sharepointonline"
        }
      },
      "shared_office365": {
        "runtimeSource": "embedded",
        "connection": {
          "connectionReferenceLogicalName": "cr0d3_sharedoffice365_b1ad4"
        },
        "api": {
          "name": "shared_office365"
        }
      }
    },
    "definition": {
      "$schema": "https://schema.management.azure.com/providers/Microsoft.Logic/schemas/2016-06-01/workflowdefinition.json#",
      "contentVersion": "1.0.0.0",
      "parameters": {
        "$connections": {
          "defaultValue": {},
          "type": "Object"
        },
        "$authentication": {
          "defaultValue": {},
          "type": "SecureObject"
        }
      },
      "triggers": {
        "Recurrence": {
          "recurrence": {
            "frequency": "Day",
            "interval": 1,
            "timeZone": "SA Pacific Standard Time",
            "startTime": "2024-05-22T08:00:00Z",
            "schedule": {
              "hours": [
                "19"
              ],
              "minutes": [
                30
              ]
            }
          },
          "metadata": {
            "operationMetadataId": "32f43d02-ee2f-47c7-a594-5bd52d1d1aaf"
          },
          "type": "Recurrence"
        }
      },
      "actions": {
        "Obtener_Items": {
          "runAfter": {
            "dia_mes": [
              "Succeeded"
            ]
          },
          "metadata": {
            "operationMetadataId": "6d9fea92-d669-4c8f-9142-7eb72fa6fddc"
          },
          "type": "OpenApiConnection",
          "inputs": {
            "host": {
              "apiId": "/providers/Microsoft.PowerApps/apis/shared_sharepointonline",
              "connectionName": "shared_sharepointonline",
              "operationId": "GetItems"
            },
            "parameters": {
              "dataset": "https://ibrcompe.sharepoint.com/sites/IntranetAlejandro",
              "table": "1976d601-0309-4d58-ac25-54493823748f",
              "$filter": "dia_mes eq '@{outputs('dia_mes')}'"
            },
            "authentication": "@parameters('$authentication')"
          }
        },
        "Apply_to_each": {
          "foreach": "@outputs('Obtener_Items')?['body/value']",
          "actions": {
            "Obtener_Adjunto": {
              "runAfter": {},
              "metadata": {
                "operationMetadataId": "c7d8bc98-c6fc-4da0-a563-62b626c15b22"
              },
              "type": "OpenApiConnection",
              "inputs": {
                "host": {
                  "apiId": "/providers/Microsoft.PowerApps/apis/shared_sharepointonline",
                  "connectionName": "shared_sharepointonline",
                  "operationId": "GetItemAttachments"
                },
                "parameters": {
                  "dataset": "https://ibrcompe.sharepoint.com/sites/IntranetAlejandro",
                  "table": "1976d601-0309-4d58-ac25-54493823748f",
                  "itemId": "@items('Apply_to_each')?['ID']"
                },
                "authentication": "@parameters('$authentication')"
              }
            },
            "Apply_to_each_2": {
              "foreach": "@body('Obtener_Adjunto')",
              "actions": {
                "Enviar_Correo": {
                  "runAfter": {},
                  "metadata": {
                    "operationMetadataId": "8bea7154-53a3-4492-afa5-247f120774ab"
                  },
                  "type": "OpenApiConnection",
                  "inputs": {
                    "host": {
                      "apiId": "/providers/Microsoft.PowerApps/apis/shared_office365",
                      "connectionName": "shared_office365",
                      "operationId": "SendEmailV2"
                    },
                    "parameters": {
                      "emailMessage/To": "@items('Apply_to_each')?['Email']",
                      "emailMessage/Subject": "Feliz Cumpleaños @{items('Apply_to_each')?['Nombre']}",
                      "emailMessage/Body": "<!DOCTYPE html>\n<html lang=\"es\">\n<head>\n    <meta charset=\"UTF-8\">\n    <meta name=\"viewport\" content=\"width=device-width, initial-scale=1.0\">\n    <title>Feliz Cumpleaños</title>\n    <style>\n        body {\n            text-align: center;\n            font-family: Arial, sans-serif;\n            background-color: #f9f9f9;\n            color: #333;\n        }\n        .container {\n            margin: 0 auto;\n            padding: 20px;\n            max-width: 600px;\n            background-color: #fff;\n            box-shadow: 0 4px 8px rgba(0,0,0,0.1);\n            border-radius: 10px;\n        }\n        h1 {\n            color: #0000ff;\n        }\n        img {\n            max-width: 100%;\n            height: auto;\n            border-radius: 10px;\n        }\n        .message {\n             margin: 20px;\n            font-size: 1.3em;\n            background: #0000ff;\n            color: White\n        }\n    </style>\n</head>\n<body>\n    <div class=\"container\">\n        <h1>¡Feliz Cumpleaños!</h1>\n        <img src=\"@{items('Apply_to_each_2')?['AbsoluteUri']}\" alt=\"Foto del Cumpleañero\">\n        <p class=\"message\">¡Te deseamos un día lleno de alegría y un año lleno de bendiciones!</p>\n    </div>\n</body>\n</html>\n",
                      "emailMessage/Importance": "Normal"
                    },
                    "authentication": "@parameters('$authentication')"
                  }
                }
              },
              "runAfter": {
                "Obtener_Adjunto": [
                  "Succeeded"
                ]
              },
              "metadata": {
                "operationMetadataId": "a6d28943-eba7-4d72-b880-834840ba39de"
              },
              "type": "Foreach"
            }
          },
          "runAfter": {
            "Obtener_Items": [
              "Succeeded"
            ]
          },
          "metadata": {
            "operationMetadataId": "a47e3fd8-69e1-427c-9222-640c5cb0f216"
          },
          "type": "Foreach"
        },
        "Hora_Actual": {
          "runAfter": {},
          "metadata": {
            "operationMetadataId": "456f4593-b331-4c66-9a86-acc581b8352a"
          },
          "type": "Expression",
          "kind": "CurrentTime",
          "inputs": {}
        },
        "dia_mes": {
          "runAfter": {
            "Conversion_Hora": [
              "Succeeded"
            ]
          },
          "metadata": {
            "operationMetadataId": "7207b0c6-a6ef-47a2-ac1e-83ad3706b756"
          },
          "type": "Compose",
          "inputs": "@formatDateTime(body('Conversion_Hora'),'dd/MM')"
        },
        "Conversion_Hora": {
          "runAfter": {
            "Hora_Actual": [
              "Succeeded"
            ]
          },
          "metadata": {
            "operationMetadataId": "451e8b71-253b-41e3-8dfa-8d65b2ecaead"
          },
          "type": "Expression",
          "kind": "ConvertTimeZone",
          "inputs": {
            "baseTime": "@body('Hora_Actual')",
            "formatString": "d",
            "sourceTimeZone": "GTB Standard Time",
            "destinationTimeZone": "SA Pacific Standard Time"
          }
        }
      },
      "outputs": {}
    },
    "templateName": "78720f54e49444d0bd456477288a7ef7"
  },
  "schemaVersion": "1.0.0.0"
}